{"cameraMode":{"drawMode":0,"name":"Shaded","section":"Shading Mode"},"sceneLighting":false,"audioPlay":false,"sceneViewState":{"m_AlwaysRefresh":false,"showFog":true,"showSkybox":false,"showFlares":true,"showImageEffects":true,"showParticleSystems":true,"showVisualEffectGraphs":true,"m_FxEnabled":true},"in2DMode":false,"pivot":{"x":-0.37829646468162539,"y":0.2479569911956787,"z":0.2743946313858032},"rotation":{"x":-0.019785715267062188,"y":0.9778723120689392,"z":-0.10778667032718659,"w":-0.1787702590227127},"size":0.5685005784034729,"orthographic":false}