{"cameraMode":{"drawMode":0,"name":"Shaded","section":"Shading Mode"},"sceneLighting":false,"audioPlay":false,"sceneViewState":{"m_AlwaysRefresh":false,"showFog":true,"showSkybox":false,"showFlares":true,"showImageEffects":true,"showParticleSystems":true,"showVisualEffectGraphs":true,"m_FxEnabled":true},"in2DMode":false,"pivot":{"x":0.8166162967681885,"y":0.6755003929138184,"z":1.1128981113433838},"rotation":{"x":-0.09304243326187134,"y":0.34449082612991335,"z":-0.03424336761236191,"w":-0.9336472153663635},"size":1.3804265260696412,"orthographic":false}