{"cameraMode":{"drawMode":0,"name":"Shaded","section":"Shading Mode"},"sceneLighting":false,"audioPlay":false,"sceneViewState":{"m_AlwaysRefresh":false,"showFog":true,"showSkybox":false,"showFlares":true,"showImageEffects":true,"showParticleSystems":true,"showVisualEffectGraphs":true,"m_FxEnabled":true},"in2DMode":false,"pivot":{"x":-2.4124348163604738,"y":1.0644216537475587,"z":-2.7986321449279787},"rotation":{"x":0.12090161442756653,"y":-0.23637239634990693,"z":0.02965855598449707,"w":0.9636560082435608},"size":0.41201335191726687,"orthographic":false}