{"cameraMode":{"drawMode":0,"name":"Shaded","section":"Shading Mode"},"sceneLighting":false,"audioPlay":false,"sceneViewState":{"m_AlwaysRefresh":false,"showFog":true,"showSkybox":false,"showFlares":true,"showImageEffects":true,"showParticleSystems":true,"showVisualEffectGraphs":true,"m_FxEnabled":true},"in2DMode":false,"pivot":{"x":0.14125263690948487,"y":1.5030964612960816,"z":-0.02339780330657959},"rotation":{"x":-0.033064018934965137,"y":-0.9507187604904175,"z":0.28821197152137759,"w":-0.11066175997257233},"size":1.6773027181625367,"orthographic":false}