{"cameraMode":{"drawMode":0,"name":"Shaded","section":"Shading Mode"},"sceneLighting":false,"audioPlay":false,"sceneViewState":{"m_AlwaysRefresh":false,"showFog":true,"showSkybox":false,"showFlares":true,"showImageEffects":true,"showParticleSystems":true,"showVisualEffectGraphs":true,"m_FxEnabled":true},"in2DMode":false,"pivot":{"x":-0.023076685145497323,"y":-0.12055134028196335,"z":0.8615534901618958},"rotation":{"x":0.06326114386320114,"y":-0.0068663498386740688,"z":-0.000021460464267875068,"w":0.9981042742729187},"size":1.5069907903671265,"orthographic":false}