{"cameraMode":{"drawMode":0,"name":"Shaded","section":"Shading Mode"},"sceneLighting":false,"audioPlay":false,"sceneViewState":{"m_AlwaysRefresh":false,"showFog":true,"showSkybox":false,"showFlares":true,"showImageEffects":true,"showParticleSystems":true,"showVisualEffectGraphs":true,"m_FxEnabled":true},"in2DMode":false,"pivot":{"x":-1.1767975091934205,"y":0.8655564785003662,"z":-2.061117172241211},"rotation":{"x":-0.02666870318353176,"y":0.6797738671302795,"z":-0.024615922942757608,"w":-0.7326604723930359},"size":1.3582327365875245,"orthographic":false}