{"cameraMode":{"drawMode":0,"name":"Shaded","section":"Shading Mode"},"sceneLighting":false,"audioPlay":false,"sceneViewState":{"m_AlwaysRefresh":false,"showFog":true,"showSkybox":false,"showFlares":true,"showImageEffects":true,"showParticleSystems":true,"showVisualEffectGraphs":true,"m_FxEnabled":true},"in2DMode":false,"pivot":{"x":0.10626575350761414,"y":0.04091399908065796,"z":-0.3371922969818115},"rotation":{"x":0.05427582934498787,"y":-0.008363820612430573,"z":-0.0000018791912452797988,"w":0.9986218214035034},"size":1.4678312540054322,"orthographic":false}