{"cameraMode":{"drawMode":0,"name":"Shaded","section":"Shading Mode"},"sceneLighting":false,"audioPlay":false,"sceneViewState":{"m_AlwaysRefresh":false,"showFog":true,"showSkybox":false,"showFlares":true,"showImageEffects":true,"showParticleSystems":true,"showVisualEffectGraphs":true,"m_FxEnabled":true},"in2DMode":false,"pivot":{"x":-3.3347349166870119,"y":0.7236260771751404,"z":-1.8318099975585938},"rotation":{"x":0.0999942496418953,"y":0.20246663689613343,"z":-0.020783860236406328,"w":0.9739483594894409},"size":0.10391362011432648,"orthographic":false}