{"cameraMode":{"drawMode":0,"name":"Shaded","section":"Shading Mode"},"sceneLighting":false,"audioPlay":false,"sceneViewState":{"m_AlwaysRefresh":false,"showFog":true,"showSkybox":false,"showFlares":true,"showImageEffects":true,"showParticleSystems":true,"showVisualEffectGraphs":true,"m_FxEnabled":true},"in2DMode":false,"pivot":{"x":-0.46392208337783816,"y":0.291696697473526,"z":0.023648981004953386},"rotation":{"x":0.0008875117637217045,"y":-0.6897333860397339,"z":-0.0008129979833029211,"w":-0.7241978049278259},"size":0.4668329656124115,"orthographic":false}