{"cameraMode":{"drawMode":0,"name":"Shaded","section":"Shading Mode"},"sceneLighting":true,"audioPlay":false,"sceneViewState":{"m_AlwaysRefresh":false,"showFog":true,"showSkybox":true,"showFlares":true,"showImageEffects":true,"showParticleSystems":true,"showVisualEffectGraphs":true,"m_FxEnabled":true},"in2DMode":false,"pivot":{"x":127.13849639892578,"y":46.84303283691406,"z":-1607.568115234375},"rotation":{"x":0.00009391735511599109,"y":-0.9996333718299866,"z":-0.026685921475291253,"w":-0.00356123223900795},"size":279.50848388671877,"orthographic":false}