{"cameraMode":{"drawMode":0,"name":"Shaded","section":"Shading Mode"},"sceneLighting":true,"audioPlay":false,"sceneViewState":{"m_AlwaysRefresh":false,"showFog":true,"showSkybox":true,"showFlares":true,"showImageEffects":true,"showParticleSystems":true,"showVisualEffectGraphs":true,"m_FxEnabled":true},"in2DMode":false,"pivot":{"x":25.188796997070314,"y":-28.959632873535158,"z":164.38986206054688},"rotation":{"x":0.09726881980895996,"y":0.08827278017997742,"z":-0.00866102147847414,"w":0.9912970662117004},"size":91.18425750732422,"orthographic":false}