{"cameraMode":{"drawMode":0,"name":"Shaded","section":"Shading Mode"},"sceneLighting":true,"audioPlay":false,"sceneViewState":{"m_AlwaysRefresh":false,"showFog":true,"showSkybox":true,"showFlares":true,"showImageEffects":true,"showParticleSystems":true,"showVisualEffectGraphs":true,"m_FxEnabled":true},"in2DMode":false,"pivot":{"x":-237.99916076660157,"y":122.48107147216797,"z":-279.7476806640625},"rotation":{"x":0.032053206115961078,"y":-0.9578136205673218,"z":0.26220402121543887,"w":0.11455993354320526},"size":1.2247449159622193,"orthographic":false}