{"cameraMode":{"drawMode":0,"name":"Shaded","section":"Shading Mode"},"sceneLighting":true,"audioPlay":false,"sceneViewState":{"m_AlwaysRefresh":false,"showFog":true,"showSkybox":true,"showFlares":true,"showImageEffects":true,"showParticleSystems":true,"showVisualEffectGraphs":true,"m_FxEnabled":true},"in2DMode":false,"pivot":{"x":23.157276153564454,"y":-3.2898988723754885,"z":-707.9608154296875},"rotation":{"x":-0.09376434981822968,"y":-0.13137300312519074,"z":0.01301601156592369,"w":-0.9869493842124939},"size":3.634909152984619,"orthographic":false}