{"cameraMode":{"drawMode":0,"name":"Shaded","section":"Shading Mode"},"sceneLighting":true,"audioPlay":false,"sceneViewState":{"m_AlwaysRefresh":false,"showFog":true,"showSkybox":true,"showFlares":true,"showImageEffects":true,"showParticleSystems":true,"showVisualEffectGraphs":true,"m_FxEnabled":true},"in2DMode":false,"pivot":{"x":-246.23931884765626,"y":-5.060765743255615,"z":-686.9431762695313},"rotation":{"x":0.04866852983832359,"y":-0.32530996203422549,"z":0.016147710382938386,"w":0.9443713426589966},"size":3.634909152984619,"orthographic":false}