{"cameraMode":{"drawMode":0,"name":"Shaded","section":"Shading Mode"},"sceneLighting":false,"audioPlay":false,"sceneViewState":{"m_AlwaysRefresh":false,"showFog":true,"showSkybox":false,"showFlares":true,"showImageEffects":true,"showParticleSystems":true,"showVisualEffectGraphs":true,"m_FxEnabled":true},"in2DMode":false,"pivot":{"x":0.7889999747276306,"y":0.20999997854232789,"z":-2.1500000953674318},"rotation":{"x":0.10209659487009049,"y":0.6277668476104736,"z":-0.08354728668928147,"w":0.7671390771865845},"size":0.46031874418258669,"orthographic":false}